alpha,cl,cd,cm,ld,re,ncrit
-5.000000,-0.219900,0.006210,-0.080700,-35.410628,5600000.000000,6.000000
-4.850000,-0.202300,0.006150,-0.080800,-32.894309,5600000.000000,6.000000
-4.700000,-0.184800,0.006100,-0.080900,-30.295082,5600000.000000,6.000000
-4.550000,-0.167300,0.006050,-0.081000,-27.652893,5600000.000000,6.000000
-4.400000,-0.149800,0.006010,-0.081100,-24.925125,5600000.000000,6.000000
-4.250000,-0.132200,0.005960,-0.081300,-22.181208,5600000.000000,6.000000
-4.100000,-0.114700,0.005900,-0.081400,-19.440678,5600000.000000,6.000000
-3.950000,-0.097200,0.005830,-0.081500,-16.672384,5600000.000000,6.000000
-3.800000,-0.079800,0.005780,-0.081600,-13.806228,5600000.000000,6.000000
-3.650000,-0.062200,0.005720,-0.081700,-10.874126,5600000.000000,6.000000
-3.500000,-0.044600,0.005670,-0.081900,-7.865961,5600000.000000,6.000000
-3.350000,-0.027100,0.005620,-0.082000,-4.822064,5600000.000000,6.000000
-3.200000,-0.009600,0.005590,-0.082100,-1.717352,5600000.000000,6.000000
-3.050000,0.007900,0.005550,-0.082200,1.423423,5600000.000000,6.000000
-2.900000,0.025500,0.005510,-0.082400,4.627949,5600000.000000,6.000000
-2.750000,0.043100,0.005480,-0.082500,7.864964,5600000.000000,6.000000
-2.600000,0.060600,0.005450,-0.082700,11.119266,5600000.000000,6.000000
-2.450000,0.078100,0.005410,-0.082800,14.436229,5600000.000000,6.000000
-2.300000,0.095700,0.005370,-0.083000,17.821229,5600000.000000,6.000000
-2.150000,0.113300,0.005330,-0.083100,21.257036,5600000.000000,6.000000
-2.000000,0.130900,0.005310,-0.083300,24.651601,5600000.000000,6.000000
-1.850000,0.148400,0.005300,-0.083400,28.000000,5600000.000000,6.000000
-1.700000,0.165900,0.005270,-0.083500,31.480076,5600000.000000,6.000000
-1.550000,0.183600,0.005230,-0.083700,35.105163,5600000.000000,6.000000
-1.400000,0.201100,0.005200,-0.083900,38.673077,5600000.000000,6.000000
-1.250000,0.218600,0.005190,-0.084000,42.119461,5600000.000000,6.000000
-1.100000,0.236000,0.005160,-0.084200,45.736434,5600000.000000,6.000000
-0.950000,0.253500,0.005100,-0.084300,49.705882,5600000.000000,6.000000
-0.650000,0.288300,0.004900,-0.084700,58.836735,5600000.000000,6.000000
-0.500000,0.305700,0.004810,-0.084900,63.555094,5600000.000000,6.000000
-0.350000,0.323300,0.004630,-0.085200,69.827214,5600000.000000,6.000000
-0.200000,0.340900,0.004460,-0.085500,76.434978,5600000.000000,6.000000
-0.050000,0.358100,0.004320,-0.085800,82.893519,5600000.000000,6.000000
0.100000,0.375100,0.004140,-0.086100,90.603865,5600000.000000,6.000000
0.250000,0.392100,0.004050,-0.086200,96.814815,5600000.000000,6.000000
0.400000,0.409100,0.004030,-0.086400,101.513648,5600000.000000,6.000000
0.550000,0.425700,0.004090,-0.086400,104.083130,5600000.000000,6.000000
0.700000,0.441900,0.004200,-0.086300,105.214286,5600000.000000,6.000000
0.850000,0.457000,0.004450,-0.086100,102.696629,5600000.000000,6.000000
1.000000,0.471500,0.004780,-0.085700,98.640167,5600000.000000,6.000000
1.150000,0.485900,0.005110,-0.085400,95.088063,5600000.000000,6.000000
1.300000,0.501000,0.005390,-0.085200,92.949907,5600000.000000,6.000000
1.450000,0.516800,0.005590,-0.085000,92.450805,5600000.000000,6.000000
1.600000,0.531600,0.005910,-0.084700,89.949239,5600000.000000,6.000000
1.900000,0.563000,0.006340,-0.084400,88.801262,5600000.000000,6.000000
2.050000,0.579400,0.006480,-0.084400,89.413580,5600000.000000,6.000000
2.200000,0.595600,0.006640,-0.084300,89.698795,5600000.000000,6.000000
2.350000,0.612100,0.006770,-0.084200,90.413589,5600000.000000,6.000000
2.500000,0.629000,0.006840,-0.084300,91.959064,5600000.000000,6.000000
2.650000,0.646000,0.006910,-0.084300,93.487699,5600000.000000,6.000000
2.800000,0.663000,0.006980,-0.084300,94.985673,5600000.000000,6.000000
2.950000,0.680100,0.007040,-0.084400,96.605114,5600000.000000,6.000000
3.100000,0.697100,0.007090,-0.084400,98.321580,5600000.000000,6.000000
3.250000,0.714200,0.007160,-0.084400,99.748603,5600000.000000,6.000000
3.400000,0.731100,0.007230,-0.084500,101.120332,5600000.000000,6.000000
3.550000,0.747800,0.007330,-0.084400,102.019100,5600000.000000,6.000000
3.700000,0.764600,0.007410,-0.084400,103.184885,5600000.000000,6.000000
3.850000,0.781500,0.007490,-0.084400,104.339119,5600000.000000,6.000000
4.000000,0.798200,0.007580,-0.084400,105.303430,5600000.000000,6.000000
4.150000,0.814800,0.007680,-0.084300,106.093750,5600000.000000,6.000000
4.300000,0.831600,0.007760,-0.084300,107.164948,5600000.000000,6.000000
4.450000,0.848300,0.007850,-0.084300,108.063694,5600000.000000,6.000000
4.600000,0.865000,0.007950,-0.084200,108.805031,5600000.000000,6.000000
4.750000,0.881600,0.008040,-0.084200,109.651741,5600000.000000,6.000000
4.900000,0.898200,0.008140,-0.084100,110.343980,5600000.000000,6.000000
5.050000,0.914800,0.008240,-0.084000,111.019417,5600000.000000,6.000000
5.200000,0.931300,0.008350,-0.083900,111.532934,5600000.000000,6.000000
5.350000,0.947800,0.008460,-0.083800,112.033097,5600000.000000,6.000000
5.500000,0.964300,0.008570,-0.083700,112.520420,5600000.000000,6.000000
5.650000,0.980600,0.008690,-0.083600,112.842348,5600000.000000,6.000000
5.800000,0.996900,0.008820,-0.083400,113.027211,5600000.000000,6.000000
5.950000,1.013100,0.008950,-0.083300,113.195531,5600000.000000,6.000000
6.100000,1.029500,0.009070,-0.083100,113.506064,5600000.000000,6.000000
6.250000,1.045800,0.009190,-0.083000,113.797606,5600000.000000,6.000000
6.400000,1.062100,0.009310,-0.082800,114.081633,5600000.000000,6.000000
6.550000,1.078400,0.009410,-0.082700,114.601488,5600000.000000,6.000000
6.700000,1.094700,0.009530,-0.082500,114.868835,5600000.000000,6.000000
6.850000,1.111000,0.009650,-0.082400,115.129534,5600000.000000,6.000000
7.000000,1.127200,0.009760,-0.082200,115.491803,5600000.000000,6.000000
7.150000,1.143400,0.009880,-0.082000,115.728745,5600000.000000,6.000000
7.300000,1.159400,0.010020,-0.081800,115.708583,5600000.000000,6.000000
7.450000,1.175300,0.010160,-0.081600,115.679134,5600000.000000,6.000000
7.600000,1.191200,0.010310,-0.081300,115.538312,5600000.000000,6.000000
7.750000,1.207000,0.010460,-0.081100,115.391969,5600000.000000,6.000000
7.900000,1.222700,0.010610,-0.080800,115.240339,5600000.000000,6.000000
8.050000,1.238300,0.010780,-0.080500,114.870130,5600000.000000,6.000000
8.200000,1.253700,0.010960,-0.080100,114.388686,5600000.000000,6.000000
8.350000,1.269000,0.011150,-0.079800,113.811659,5600000.000000,6.000000
8.500000,1.284000,0.011370,-0.079300,112.928760,5600000.000000,6.000000
8.650000,1.298500,0.011620,-0.078800,111.746988,5600000.000000,6.000000
8.800000,1.313900,0.011790,-0.078500,111.441900,5600000.000000,6.000000
8.950000,1.329100,0.011980,-0.078100,110.943239,5600000.000000,6.000000
9.100000,1.344200,0.012160,-0.077700,110.542763,5600000.000000,6.000000
9.250000,1.359300,0.012340,-0.077200,110.153971,5600000.000000,6.000000
9.400000,1.374300,0.012520,-0.076800,109.768371,5600000.000000,6.000000
9.550000,1.389300,0.012690,-0.076400,109.479905,5600000.000000,6.000000
9.700000,1.403900,0.012900,-0.075800,108.829457,5600000.000000,6.000000
9.850000,1.418500,0.013100,-0.075300,108.282443,5600000.000000,6.000000
10.000000,1.432700,0.013300,-0.074700,107.721805,5600000.000000,6.000000
10.150000,1.446600,0.013540,-0.074100,106.838996,5600000.000000,6.000000
10.300000,1.460000,0.013800,-0.073400,105.797101,5600000.000000,6.000000
10.450000,1.473200,0.014070,-0.072600,104.705046,5600000.000000,6.000000
10.600000,1.486100,0.014340,-0.071800,103.633194,5600000.000000,6.000000
10.750000,1.498000,0.014600,-0.070700,102.602740,5600000.000000,6.000000
11.200000,1.533500,0.015510,-0.067700,98.871696,5600000.000000,6.000000
11.350000,1.545300,0.015890,-0.066700,97.249843,5600000.000000,6.000000
11.500000,1.556600,0.016300,-0.065700,95.496933,5600000.000000,6.000000
11.650000,1.567700,0.016700,-0.064600,93.874251,5600000.000000,6.000000
11.800000,1.577600,0.017110,-0.063300,92.203390,5600000.000000,6.000000
11.950000,1.586600,0.017480,-0.061800,90.766590,5600000.000000,6.000000
12.100000,1.594800,0.017860,-0.060200,89.294513,5600000.000000,6.000000
12.250000,1.602600,0.018260,-0.058600,87.765608,5600000.000000,6.000000
12.400000,1.610200,0.018700,-0.056900,86.106952,5600000.000000,6.000000
12.550000,1.617500,0.019170,-0.055300,84.376630,5600000.000000,6.000000
12.700000,1.624500,0.019660,-0.053700,82.629705,5600000.000000,6.000000
12.850000,1.631400,0.020190,-0.052100,80.802377,5600000.000000,6.000000
13.000000,1.637900,0.020750,-0.050500,78.934940,5600000.000000,6.000000
13.150000,1.644000,0.021370,-0.048900,76.930276,5600000.000000,6.000000
13.300000,1.650100,0.021990,-0.047400,75.038654,5600000.000000,6.000000
13.450000,1.655100,0.022710,-0.045800,72.879789,5600000.000000,6.000000
13.600000,1.660200,0.023430,-0.044300,70.857875,5600000.000000,6.000000
13.750000,1.664500,0.024240,-0.042700,68.667492,5600000.000000,6.000000
13.900000,1.668800,0.025050,-0.041200,66.618762,5600000.000000,6.000000
14.050000,1.671500,0.026020,-0.039600,64.239047,5600000.000000,6.000000
14.200000,1.674500,0.026980,-0.038200,62.064492,5600000.000000,6.000000
14.350000,1.677100,0.027990,-0.036700,59.917828,5600000.000000,6.000000
14.500000,1.677500,0.029210,-0.035200,57.428963,5600000.000000,6.000000
14.650000,1.680100,0.030260,-0.034000,55.522141,5600000.000000,6.000000
14.800000,1.679600,0.031600,-0.032600,53.151899,5600000.000000,6.000000
14.950000,1.677900,0.033090,-0.031200,50.707162,5600000.000000,6.000000
15.100000,1.677400,0.034500,-0.030100,48.620290,5600000.000000,6.000000
15.250000,1.674800,0.036140,-0.028900,46.342003,5600000.000000,6.000000
15.400000,1.671100,0.037930,-0.027900,44.057474,5600000.000000,6.000000
15.550000,1.667700,0.039750,-0.027000,41.954717,5600000.000000,6.000000
15.700000,1.662800,0.041760,-0.026200,39.818008,5600000.000000,6.000000
15.850000,1.656100,0.044010,-0.025600,37.630084,5600000.000000,6.000000
16.000000,1.649200,0.046370,-0.025100,35.566099,5600000.000000,6.000000
16.150000,1.640600,0.049000,-0.024800,33.481633,5600000.000000,6.000000
16.300000,1.632200,0.051690,-0.024800,31.576707,5600000.000000,6.000000
16.450000,1.622000,0.054710,-0.025000,29.647231,5600000.000000,6.000000
16.600000,1.613600,0.057650,-0.025400,27.989592,5600000.000000,6.000000
16.750000,1.601300,0.061220,-0.026100,26.156485,5600000.000000,6.000000
16.900000,1.587600,0.065100,-0.027200,24.387097,5600000.000000,6.000000
17.050000,1.575400,0.068990,-0.028500,22.835194,5600000.000000,6.000000
17.200000,1.562900,0.073110,-0.030200,21.377377,5600000.000000,6.000000
17.350000,1.550700,0.077370,-0.032100,20.042652,5600000.000000,6.000000
17.500000,1.538000,0.081880,-0.034300,18.783586,5600000.000000,6.000000
17.650000,1.522600,0.087090,-0.037200,17.483063,5600000.000000,6.000000
17.800000,1.508300,0.092370,-0.040200,16.328895,5600000.000000,6.000000
17.950000,1.493700,0.097980,-0.043700,15.244948,5600000.000000,6.000000
18.100000,1.477800,0.104100,-0.047600,14.195965,5600000.000000,6.000000
18.250000,1.462300,0.110380,-0.051800,13.247871,5600000.000000,6.000000
18.400000,1.446000,0.117090,-0.056300,12.349475,5600000.000000,6.000000
18.550000,1.427700,0.124520,-0.061400,11.465628,5600000.000000,6.000000
18.700000,1.408000,0.132490,-0.066800,10.627217,5600000.000000,6.000000
18.850000,1.377800,0.143170,-0.073900,9.623524,5600000.000000,6.000000
